id,x,y,sun_hours
P01,5.0,8.0,2.1
P02,18.5,4.2,2.6
P03,32.0,9.5,3.0
P04,47.8,6.1,3.4
P05,61.2,11.0,4.1
P06,76.4,5.5,4.4
P07,90.3,9.8,5.0
P08,8.7,22.4,2.4
P09,23.1,19.6,3.1
P10,38.9,24.0,3.7
P11,52.5,21.3,4.0
P12,67.0,25.8,4.8
P13,81.6,18.9,5.1
P14,95.2,23.7,5.6
P15,4.4,37.1,2.9
P16,19.8,35.5,3.5
P17,34.6,40.2,4.0
P18,49.1,36.8,4.6
P19,63.7,39.4,5.2
P20,78.2,34.0,5.5
P21,92.9,41.1,6.1
P22,10.3,51.6,3.3
P23,25.7,54.9,4.1
P24,40.0,49.2,4.4
P25,55.4,53.0,5.0
P26,70.8,50.7,5.8
P27,85.1,55.3,6.3
P28,6.9,66.2,3.8
P29,21.4,69.8,4.3
P30,36.2,63.5,5.0
P31,50.9,68.1,5.4
P32,65.5,64.9,6.0
P33,80.0,70.4,6.6
P34,94.6,66.7,7.1
P35,12.1,81.3,4.2
P36,27.3,84.6,5.1
P37,42.8,79.0,5.5
P38,57.9,83.2,6.2
P39,72.4,78.5,6.9
P40,87.7,82.9,7.4
P41,3.8,95.1,4.6
P42,17.2,92.4,5.2
P43,31.5,97.0,5.9
P44,46.3,91.8,6.4
P45,60.6,96.2,7.0
P46,75.1,93.0,7.6
P47,89.4,97.5,8.1
P48,97.0,88.0,8.3
